<?xml version="1.0" encoding="UTF-8"?>
<metadata xml:lang="zh"><Esri><CreaDate>20250314</CreaDate><CreaTime>16352900</CreaTime><ArcGISFormat>1.0</ArcGISFormat><SyncOnce>TRUE</SyncOnce><DataProperties><itemProps><itemLocation><linkage Sync="TRUE">file://\\JETLINK003\D$\專案\2025.02.20國土測繪中心_114年度行政區域界線維護、系統諮詢及維護採購案\行政區域界線更新作業\0311新北市坪林區村里界釐整\[114行政界線更新第3案]新北市坪林區村里界線釐整案交付成果\3.鄉(鎮、市、區)界線檔(內政部版,shp檔)\Town_Majia_Sanhe</linkage><protocol Sync="TRUE">Local Area Network</protocol></itemLocation></itemProps><copyHistory><copy source="D:\專案\2024.02.07國土測繪中心_113年度行政區域界線更新及管理平臺維護作業採購案\行政區域界線更新作業\1125高雄市仁武、三民區村里界釐整\[113行政界線更新第6案]高雄市三民區及仁武區村里界釐整案\3.鄉(鎮、市、區)界線檔(內政部版,shp檔)\Town_Majia_Sanhe" dest="\\JETLINK003\D$\專案\2025.02.20國土測繪中心_114年度行政區域界線維護、系統諮詢及維護採購案\行政區域界線更新作業\0311新北市坪林區村里界釐整\[114行政界線更新第3案]新北市坪林區村里界線釐整案交付成果\3.鄉(鎮、市、區)界線檔(內政部版,shp檔)\Town_Majia_Sanhe" date="20250314" time="16352900"></copy></copyHistory></DataProperties><ArcGISstyle>FGDC CSDGM Metadata</ArcGISstyle></Esri></metadata>
